ProviderId,SKU,PRICE
292,VIT1700BSC,2733999.0
292,HEL0255PHI,2471599.0
292,MON2730SSG,317699.0
292,MON2432SSG,217599.0
292,LSR1406LGL,4400299.0
292,BIC1335SLP,414099.0
292,KIT6605TCL,249999.0
292,KIT6060TCL,505499.0
292,KIT6005TCL,200799.0
292,KIT6160TCL,229999.0
292,MOU0196LOG,24299.0
292,SOM1112LUX,37199.0
292,SOM1111LUX,37199.0
292,REP1111LUX,122699.0
292,LSR1326LGL,1743699.0
292,LAV8016LGL,960999.0
292,LAV8006LGL,908399.0
292,PUR1060INA,143399.0
292,PUR4060INA,141299.0
292,PUR0060INA,150399.0
292,PUR5060INA,142499.0
292,PUR3060INA,157199.0
292,PUR0090INA,157499.0
292,HEL2800INA,658799.0
292,PUR1090INA,157499.0
292,LAV6565LGL,784399.0
292,COC2023BGH,223999.0
292,FRE2525INA,145499.0
292,COC2028BGH,261899.0
292,COC2021BGH,166999.0
292,TEN2222ONE,89099.0
292,TEN6666ONE,77099.0
292,SIL0606ONE,279299.0
292,MES2222ONE,152899.0
292,MES1111ONE,134899.0
292,ESC4444ONE,107899.0
292,ESC2222ONE,61699.0
292,CES1212ONE,48599.0
292,BAL3000KTZ,354899.0
292,BAL0030KTZ,227799.0
292,KIT1766SSG,773199.0
292,KIT0755SSG,386599.0
292,TEL5082LGL,744899.0
292,TEL4381LGL,597199.0
292,KIT1752SSG,519199.0
292,NOT0259HEW,1768099.0
292,COC0120MDA,178099.0
292,LAV0110TCL,643999.0
292,COC1250MDA,243599.0
292,COC0128MDA,248899.0
292,CAF0062NES,306299.0
292,COC0125MDA,226799.0
292,LAV1100TCL,935799.0
292,VEN4530CRI,194999.0
292,HEL0650TCL,1819699.0
292,CAF0620NES,306299.0
292,CAF6200NES,306299.0
292,HEL5457GAF,1487777.0
292,COC1280MDA,257399.0
292,TER1212ONE,53099.0
292,TER9000ESC,345499.0
292,HEL0333GAF,1006888.0
292,LAV0011TCL,987799.0
292,TER5500ESC,317899.0
292,COC1201MDA,177899.0
292,AIR0064ELE,1574899.0
292,AIR0052ELE,1158599.0
292,AIR0036ELE,766799.0
292,PAR0302LGL,1454599.0
292,TEL6584SSG,1683599.0
292,TEL4344RCA,476699.0
292,MCA0044LGL,793899.0
292,HEL4040LGL,1699999.0
292,HEL5817CAN,1894799.0
292,HEL3434LGL,1345199.0
292,HEL4041LGL,1701399.0
292,LVJ1047CAN,736899.0
292,LAV1165DRE,1208599.0
292,LAV0624BGH,757199.0
292,VEN0004INA,108899.0
292,VEN0006INA,124099.0
292,VEN0003INA,105199.0
292,VEN0005INA,120199.0
292,COC2302BGH,239999.0
292,LAV0625BGH,764699.0
292,KIT0750SSG,341599.0
292,HEL0320DRE,1172499.0
292,TEL6530RCA,1143499.0
292,KIT2505MOT,1091399.0
292,KIT2528MOT,789799.0
292,DRO0001FLY,64699.0
292,PAR2150PLO,707599.0
292,KIT2503MOT,847299.0
292,HEL0251GAF,872777.0
292,DRO0010FLY,88799.0
292,LIC3400LIL,91399.0
292,LIC0110LIL,68799.0
292,LIC3000LIL,78699.0
292,EXP0940LIL,60299.0
292,DRO0000FLY,88799.0
292,ROL0001STR,92499.0
292,TEL6022BGH,966499.0
292,EXP0912LIL,38199.0
292,AFE0220GAM,45199.0
292,BIC0011SEB,84699.0
292,BIC0001SEB,84699.0
292,BIC8888NRD,249999.0
292,AUT0000SEB,640799.0
292,VEN0002INA,145699.0
292,VEN0000INA,143499.0
292,VEN0001INA,140199.0
292,MON0002STR,66299.0
292,PIS0002BAS,38599.0
292,BIC1745SLP,445099.0
292,PIS0001BAS,70299.0
292,RED0000FUN,129699.0
292,ROL0012STR,87299.0
292,TRI0010SEB,105599.0
292,TRI0011SEB,167699.0
292,BIC3888NRD,249999.0
292,KIT2627SSG,799999.0
292,TEL5080SSG,744299.0
292,COC7675ETX,2461699.0
292,AIR3410TCL,910499.0
292,TEL5593SSG,1122599.0
292,AIR6410TCL,1550899.0
292,TEL8075SSG,2581999.0
292,TEL5040BGH,728499.0
292,SKT0000STR,36599.0
292,TRI0012SEB,230089.0
292,BIC9777NRD,233999.0
292,SKT0010STR,36599.0
292,TRI0000SEB,105599.0
292,TRI0001SEB,167699.0
292,BIC1736NRD,242299.0
292,BIC3577NRD,233999.0
292,VEN0000PLO,75899.0
292,VEN0001PLO,119499.0
292,COC2311ENO,269499.0
292,VEN0011INA,54399.0
292,BIC1727NRD,242299.0
292,BIC2777NRD,233999.0
292,KIT0140XIA,588399.0
292,TAB7464PLO,161899.0
292,TAB7464PLO,161899.0
292,ROL0010STR,87299.0
292,ROL0000STR,87299.0
292,MON0012STR,66299.0
292,MON0011STR,55699.0
292,SKT0011STR,36599.0
292,SKT0001STR,36599.0
292,ROL0002STR,87299.0
292,PEL0050KAN,13799.0
292,PEL0040KAN,13799.0
292,PEL0030KAN,13799.0
292,PEL0020KAN,13799.0
292,PEL0010KAN,13799.0
292,PEL0000KAN,13799.0
292,MON0004STR,90509.0
292,MON0013STR,66299.0
292,JGO0000FUN,103599.0
292,PIS0000BAS,68399.0
292,MON0003STR,66299.0
292,MON0010STR,55699.0
292,MON0001STR,55699.0
292,MON0000STR,55699.0
292,TEL7581PHI,1812799.0
292,TEL6582PHI,1496499.0
292,TEL6562SSG,1852299.0
292,JGO2018SNY,1613799.0
292,REP0009LUX,69399.0
292,REP0010LUX,69399.0
292,BIC0006ATR,398199.0
292,TEL7562SSG,2859099.0
292,TEL7580TCL,2221499.0
292,TEL8562SSG,4490399.0
292,TEL5509TCL,779099.0
292,LAV0650KJH,374299.0
292,HEL0028INA,645199.0
292,TUR1235IDP,36699.0
292,LIC2262PHI,214299.0
292,VEN0000VEN,56899.0
292,FRE9250PHI,95399.0
292,BAT7100PHI,101299.0
292,BIC2102SLP,414099.0
292,BAL8650DAE,22499.0
292,BIC7775SLP,414099.0
292,SEC9090GAM,315999.0
292,SEC2090GAM,449499.0
292,PLT2000SOL,103899.0
292,BIC8512SLP,445099.0
292,HID1400DAE,126499.0
292,REP3830ROK,112099.0
292,TEL4000PHI,480499.0
292,TEL5510SSG,989299.0
292,TEL6581PHI,1262599.0
292,TEL3231SSG,363999.0
292,TEL3205TCL,366599.0
292,REP3840ROK,87399.0
292,TEL4360SSG,516199.0
292,VEN0000LIL,329999.0
292,VEN0009LIL,222799.0
292,VEN0156SEV,142999.0
292,VEN0154SEV,148699.0
292,VEN0007INA,67999.0
292,TOS9299LIL,60299.0
292,VEN0008INA,56299.0
292,HOR7987FLO,1136199.0
292,COC1020SML,201299.0
292,HOR7967FLO,852199.0
292,LAV8054COD,238699.0
292,FEE1352INE,868499.0
292,FRE7601INA,98299.0
292,BAL7250DAE,21499.0
292,CLI0010PLO,136199.0
292,ANA6629FLO,255599.0
292,AIR1210ENO,901099.0
292,BAL7150DAE,21499.0
292,AIR3200FED,725099.0
292,AIR0910ENO,866299.0
292,AIR6501TCL,1385399.0
292,BIC1412SLP,445099.0
292,BIC1030SLP,414099.0
292,KIT0502MOT,291499.0
292,DEP2470PHI,97799.0
292,PLA2184REV,48499.0
292,TEL8590SSG,16835499.0
292,KIT2530MOT,667799.0
292,PLA2183REV,48499.0
292,KIT3911PHI,50299.0
292,BIC9713SLP,445099.0
292,PLT1003SOL,299999.0
292,TEL4305TCL,479499.0
292,TEL5873PHI,911099.0
292,SEC7732REV,42399.0
292,COR8875ATM,37399.0
292,TEL7578SSG,4904699.0
292,TEL5578SSG,3097699.0
292,KIT3931PHI,62699.0
292,PLA2111REV,47799.0
292,KIT2527MOT,789799.0
292,VIT1200BSC,2808299.0
292,SAN2330PHI,64299.0
292,PAV9396PHI,107099.0
292,LIC2626PHI,203499.0
292,LIC3000ETX,136499.0
292,VEN0003SEV,121299.0
292,VEN0023SEV,75699.0
292,VEN0016SEV,143899.0
292,AIR5701TCL,1305999.0
292,VEN0018SEV,133399.0
292,VEN0020SEV,93999.0
292,VEN0017SEV,190299.0
292,VEN0001VEN,70699.0
292,HEL4601SSG,2351499.0
292,VEN0021SEV,111099.0
292,PAV1182AST,25599.0
292,TOS2510PHI,53599.0
292,HEL3802SSG,2127499.0
292,LAV0825BGH,958299.0
292,AIR2650TCL,777199.0
292,AIR5401TCL,1175699.0
292,HEL4502SSG,1948299.0
292,EXP2323ATM,54899.0
292,HEL4142SSG,2239499.0
292,EST0000SEV,58999.0
292,BTA1300BSC,2303699.0
292,HEL4042SSG,1819599.0
292,AIR3401TCL,791199.0
292,BTA2000BSC,2757899.0
292,CLI0002INA,120999.0
292,CLI0001INA,119999.0
292,BIC7001VLP,604599.0
292,BIC7000VLP,604599.0
292,VEN0015SEV,121299.0
292,PAV1088AST,23799.0
292,PLA8080GAM,69999.0
292,SET0000KUP,130299.0
292,ASP0000HAM,264099.0
292,CAS0032HTL,40799.0
292,AIR1880MDA,1503299.0
292,AIR5350MDA,1235799.0
292,AIR3610SUR,882199.0
292,AIR2901SUR,799099.0
292,AIR6770MDA,1574099.0
292,AIR3610MDA,831199.0
292,VEN0003VEN,89199.0
292,EXH8000BRK,2457299.0
292,TEL5582PHI,829999.0
292,VEN0000IDP,36699.0
292,VEN0000DLF,32999.0
292,LAV0824BGH,943599.0
292,REP0004LUX,68099.0
292,TEN0002LUX,63199.0
292,CON0000MOR,49599.0
292,BAN0000LUX,22299.0
292,CAR0001LUX,121399.0
292,TEN0000LUX,80499.0
292,TEN0001LUX,43399.0
292,REP0006LUX,36499.0
292,SOP2150WTV,14699.0
292,SOP2350WTV,55699.0
292,HEL3301BGH,1205799.0
292,ASP0003INA,85299.0
292,ASP0002INA,380099.0
292,ASP0001INA,217899.0
292,BIC1026SLP,414099.0
292,LSR1501LGL,1599999.0
292,FEE0371NEB,1283899.0
292,LSR1380CAN,1789599.0
292,FEE4500BRK,1260199.0
292,PAR0020LGL,232399.0
292,SWA0031GRH,44399.0
292,SWA8321SSG,772599.0
292,SWA8320SSG,772599.0
292,PAR0040LGL,289199.0
292,AUR0411SSG,172699.0
292,AUR0410SSG,172699.0
292,JGO2017SNY,1724699.0
292,SOP3450WTV,77799.0
292,SOP2250WTV,24599.0
292,TEL8536TCL,3665499.0
292,SOP3350WTV,41699.0
292,SOP3250WTV,31899.0
292,BIC0005SLP,273199.0
292,SOP1150WTV,11099.0
292,BIC9115SLP,394599.0
292,BIC0006SLP,273199.0
292,LIC5012SML,102999.0
292,COC5001PBD,407299.0
292,SOP1250WTV,15599.0
292,COC7311PBD,939699.0
292,COC5002PBD,407299.0
292,BIC0007SLP,273199.0
292,PAR4000PHI,627899.0
292,PAV7000ETX,127399.0
292,PLA9100LIL,50299.0
292,TER0050EUH,258799.0
292,TER0030EUH,226699.0
292,TEL8583SSG,14590799.0
292,PAV1100ETX,53699.0
292,NOT0232HEW,1229899.0
292,LSR1025BGH,1132699.0
292,PAV5000ETX,78299.0
292,KIT0016XIA,888099.0
292,KIT1401XIA,444099.0
292,TEL6536TCL,1666199.0
292,TER0080EUH,284599.0
292,KIT0018MOT,401399.0
292,KIT5025TCL,199999.0
292,KIT2437MOT,488299.0
292,KIT0019MOT,401399.0
292,EXH3000BRK,932999.0
292,EXH5000BRK,1263199.0
292,EXH4300BRK,1253799.0
292,COC0301DRE,865399.0
292,SEC1010GAM,92399.0
292,ANA5701ECK,24699.0
292,ANA5702ECK,28399.0
292,TER4040SNL,502599.0
292,HEL4001BGH,1572199.0
292,NOT0284HEW,2082199.0
292,SRP1050IDP,133899.0
292,CON0006SML,159299.0
292,CON0005SML,159299.0
292,CON0000SML,87599.0
292,CON0004SML,119499.0
292,CON0003SML,119499.0
292,COC2010ENO,188199.0
292,CON0002SML,79599.0
292,CAL0000SML,43799.0
292,REP0001GRH,89099.0
292,FRE6666MAV,103999.0
292,TEL5584LGL,966399.0
292,NOT0251HEW,1389299.0
292,LAV6500LGL,819599.0
292,KIT2626SSG,799999.0
292,FRE0905LIL,110599.0
292,FRE0954LIL,275399.0
292,SET0000DAE,46399.0
292,DEP2270PHI,71099.0
292,PAR0301LGL,470899.0
292,NOT0273HEW,1686699.0
292,NOT0155HEW,1938199.0
292,HOR2800ECK,133499.0
292,BIC0601VLP,392199.0
292,SOP0001GRH,52599.0
292,CHO4119TAU,532199.0
292,TRI0827GAM,38599.0
292,MES0001GRH,74699.0
292,CHO4195TAU,1349399.0
292,CHO4157TAU,1080299.0
292,CHO4133TAU,948399.0
292,AFE7000GAM,46499.0
292,TEL8680LGL,3539999.0
292,JUE2506SNY,77999.0
292,AUR1112SNY,139399.0
292,TEL5035NOB,641799.0
292,TEL7582LGL,2472099.0
292,TEL4331NOB,451099.0
292,LAV4740CAN,1000099.0
292,CAL1400SNL,487199.0
292,SRP5240SSG,2224899.0
292,HOR3800ECK,143199.0
292,CAF8220PLO,732099.0
292,FEE1000INE,2149999.0
292,ANA6749FLO,451499.0
292,AIR1280MDA,993199.0
292,CAF1220PHI,1299499.0
292,CAL0140SNL,487199.0
292,CON0002WHB,86099.0
292,VAP8123ATM,102499.0
292,HEL6067LGL,5263099.0
292,AIO1027HEW,1345899.0
292,AIO1023HEW,1150999.0
292,KIT2436MOT,488299.0
292,AIR0026ELE,744899.0
292,TER0120ESC,395499.0
292,TER0045ESC,308399.0
292,PAV8970OST,104998.0
292,KIT5126MOT,823899.0
292,KIT1631SSG,469999.0
292,COV0003FPH,41799.0
292,COV0002FPH,41799.0
292,COC5641ESC,637599.0
292,COC5640ESC,637599.0
292,COC3065ESC,468099.0
292,COC3064ESC,468099.0
292,COC2011ESC,479099.0
292,BOT0242ORL,150999.0
292,BAT2603OST,96599.0
292,TER0080ESC,348699.0
292,COV0001FPH,41799.0
292,KIT5627SSG,1199999.0
292,VEN7685LIL,108399.0
292,HEL1886CNQ,808999.0
292,SET5016WOR,121399.0
292,KIT2426MOT,390599.0
292,KIT3627SSG,1152599.0
292,PLA2303DEL,331899.0
292,CAS0320HTL,40799.0
292,IMP0520HEW,494599.0
292,IMP0580HEW,531999.0
292,IMP2102HEW,381899.0
292,TEL3230NOB,299699.0
292,MCA0130SNY,1002899.0
292,CON1524ATM,272699.0
292,HEL3705DRE,971999.0
292,LSR1416CAN,1578999.0
292,CON0001SEV,150899.0
292,LVJ1601CAN,1000099.0
292,LSR1016CAN,1263199.0
292,CON0011SEV,110999.0
292,HEL4420CAN,1684299.0
292,HOR0071SML,259999.0
292,EST0011SEV,50299.0
292,CAL0111SEV,53799.0
292,CAL1111SEV,60699.0
292,CAL0011SEV,38199.0
292,CAL0001SEV,36399.0
292,BAT7923PHI,306499.0
292,COC2007ESC,416099.0
292,HEL2958SSG,1235099.0
292,CAL1080LIL,57399.0
292,VAS0004STA,53199.0
292,VAS0381STA,134699.0
292,COV0008FPH,34299.0
292,SAB0014FPH,78699.0
292,GEN7000DAE,2030199.0
292,SAB0011FPH,42099.0
292,SAB0013FPH,78699.0
292,COV0007FPH,34299.0
292,SAB0012FPH,42099.0
292,COV0009FPH,34299.0
292,MQC3335SIN,509299.0
292,PLA6969GAM,78999.0
292,BOT0157STA,115299.0
292,PLA2119GAM,94999.0
292,ACO0005FPH,45899.0
292,CAL0011WHB,86099.0
292,BOM0011STA,41199.0
292,COR0990GAM,58599.0
292,BIC2933NRD,386299.0
292,ACO0009FPH,31099.0
292,TEL6583LGL,1489899.0
292,MCA2208PHI,97599.0
292,SOP6010AVO,65999.0
292,TEL5073PHI,687199.0
292,PAR0080SNY,1814699.0
292,JUE2501SNY,124799.0
292,JUE2502SNY,127399.0
292,TEL6566TCL,1555099.0
292,NOT1504ASU,1501799.0
292,TEL5537PHI,837799.0
292,TEL3210PHI,331999.0
292,TAB1100TCL,460599.0
292,TEL5569TCL,916799.0
292,SWA0030GRH,44399.0
292,TEL4310PHI,521299.0
292,JUE2503SNY,113099.0
292,AUR1111SNY,69699.0
292,JUE2509SNY,106899.0
292,ACC4511SSG,145599.0
292,TEL7008PHI,1698399.0
292,PRO5000ETX,145599.0
292,RAD3200LIL,531899.0
292,PAN8188LIL,124399.0
292,COC5311PBD,472799.0
292,FRE0050SML,84999.0
292,LIC1010SML,76999.0
292,CON0000PBD,217499.0
292,PLA1000ETX,81899.0
292,CAL2002PLO,147699.0
292,EST0001PBD,248599.0
292,HEL0070ETX,1706399.0
292,COC5656ETX,1506699.0
292,FEE2721INE,940499.0
292,FRE0051SML,64999.0
292,CAL2900ESK,451299.0
292,CAL4800ESK,577499.0
292,CAL0001WHB,34399.0
292,FRE0110SML,325699.0
292,CAL2024ATM,113399.0
292,FRE0075SML,299999.0
292,CAL1524ATM,72699.0
292,CAL0100WHB,27699.0
292,CAL2200LIL,191299.0
292,ANA5703ECK,40699.0
292,KIT3625SSG,1188199.0
292,KIT6057ZTE,239999.0
292,KIT0150MOT,218299.0
292,KIT3626SSG,1188199.0
292,KIT1630SSG,469999.0
292,KIT5625SSG,1128199.0
292,KIT0015MOT,340299.0
292,KIT0017MOT,340299.0
292,KIT0151MOT,218299.0
292,KIT1451XIA,1703299.0
292,KIT6056ZTE,359999.0
292,KIT0016MOT,340299.0
292,DEP0010GAM,95099.0
292,CAL0450LIL,62199.0
292,TOS9000ATM,112299.0
292,SET9099WOR,41499.0
292,SET9111WOR,125099.0
292,SET6816WOR,207499.0
292,SET4161WOR,79099.0
292,SET9027WOR,218299.0
292,SET9110WOR,60399.0
292,SET9026WOR,200199.0
292,SET9002WOR,127399.0
292,SET1009WOR,43699.0
292,HER4061WOR,26999.0
292,SET0316WOR,96599.0
292,HAC4012WOR,28999.0
292,TAL2032WOR,71499.0
292,SET9100WOR,49399.0
292,PIN4005WOR,74899.0
292,SET9036WOR,202099.0
292,SET9073WOR,92399.0
292,TEL6593SSG,5050699.0
292,TEL9881SSG,11974699.0
292,TEL7793SSG,8868499.0
292,LAV8022PLO,607699.0
292,TEL5591SSG,4153599.0
292,PUF0186KAB,27099.0
292,PLA2302DEL,250899.0
292,PUF0831KAB,56599.0
292,PLA8012GAM,99999.0
292,PUF0150KAB,45199.0
292,COL0991KAB,40299.0
292,HID1200ADV,187099.0
292,SEC8020GAM,95199.0
292,TAB0351LEN,674899.0
292,NIV0250HAM,298499.0
292,NIV0050HAM,109899.0
292,PIN0080HAM,43699.0
292,NIV0150HAM,165199.0
292,SER0012HAM,19899.0
292,TAL0011HAM,279599.0
292,TAL0112HAM,96999.0
292,TAL0005HAM,191899.0
292,TAL0125HAM,130199.0
292,SIE0116HAM,167799.0
292,SIE0022HAM,313499.0
292,SIE0119HAM,195899.0
292,SOL0120HAM,240399.0
292,TAL1111HAM,439399.0
292,SET0050HAM,58699.0
292,SET0020HAM,152599.0
292,SOP0001HAM,86599.0
292,SET0025HAM,29799.0
292,SOP0119HAM,104399.0
292,TAL0110HAM,239799.0
292,SET0012HAM,94199.0
292,SIE0111HAM,96699.0
292,SIE0013HAM,202899.0
292,SIE0003HAM,156899.0
292,SET0055HAM,157599.0
292,SIE1111HAM,110199.0
292,SIE0011HAM,89999.0
292,PIS0020ADV,159599.0
292,SET0003HAM,56399.0
292,ROT0130HAM,367199.0
292,PIS2000ADV,52399.0
292,SET0039HAM,54099.0
292,ROT0005HAM,210699.0
292,ROT0800ADV,153599.0
292,PIS0200ADV,72099.0
292,LLA1113HAM,327399.0
292,LUS1400ADV,297999.0
292,PIS0002HAM,93999.0
292,AMO2400ADV,297999.0
292,PIS0001HAM,68099.0
292,AMO1115HAM,370499.0
292,KIT1666SSG,740099.0
292,KIT2434MOT,488299.0
292,CLI1010PLO,199999.0
292,HID0002HAM,258499.0
292,SAB0004CBA,28499.0
292,HID0003HAM,290599.0
292,SAB0003CBA,28499.0
292,SIE0001HAM,782399.0
292,ALM0071KIN,87199.0
292,CLI1011PLO,199999.0
292,MCA0043LGL,328199.0
292,PAR0068LGL,641499.0
292,PAR0067LGL,339999.0
292,AUR0520SNY,117999.0
292,PAR0069LGL,855399.0
292,PAR0065LGL,229299.0
292,TEL4325BGH,499299.0
292,SOL0200HAM,382799.0
292,DES0000HAM,72799.0
292,COM0003HAM,955699.0
292,DES0136HAM,110699.0
292,ESC0440HAM,404299.0
292,COM0002HAM,480799.0
292,ATO0112HAM,452399.0
292,BIC1725SLP,394599.0
292,SET1116HAM,38999.0
292,SET0002HAM,29199.0
292,MOC0028HAM,203799.0
292,SET0152HAM,692599.0
292,SET0090HAM,455699.0
292,SET0019HAM,65099.0
292,SET1110HAM,37499.0
292,KIT0030TEC,778799.0
292,NIV0200HAM,242899.0
292,MED0040HAM,75199.0
292,LIN0080HAM,68799.0
292,NIV0100HAM,119799.0
292,BOM0146HAM,243999.0
292,CAL0025HAM,36699.0
292,LIN0035HAM,55099.0
292,ENG0002HAM,32499.0
292,ENG0003HAM,46499.0
292,CAR0020HAM,890099.0
292,BOM0270HAM,249699.0
292,BOM0158HAM,257199.0
292,BOM0120HAM,130499.0
292,BAS0300HAM,86699.0
292,COR0600HAM,115999.0
292,BOM0060HAM,104899.0
292,ROT0004HAM,233199.0
292,TOR0001HAM,98499.0
292,PIS0005HAM,192399.0
292,ROT0002HAM,210699.0
292,SOP0003HAM,177399.0
292,ENG0001HAM,236899.0
292,APA0500HAM,499699.0
292,APA0250HAM,397199.0
292,AMO0001HAM,83199.0
292,LUS0002HAM,245499.0
292,COM0001HAM,349099.0
292,ENG0011HAM,110599.0
292,LUS0001HAM,267199.0
292,COM0012HAM,67499.0
292,COM0112HAM,101699.0
292,COM1112HAM,151199.0
292,LLA0113HAM,525099.0
292,VEN0104LIL,123499.0
292,EXT4217DAE,131799.0
292,FRE5120DAE,97599.0
292,FEE0140VON,1089299.0
292,EXH0290INE,993199.0
292,HEL5541PHI,2923699.0
292,HEL0143ETX,1290332.0
292,BIC1021SLP,414099.0
292,SAB0010CBA,34199.0
292,SAB0014CBA,50299.0
292,SAB0012CBA,50299.0
292,SAB0013CBA,50299.0
292,CUB0002CBA,29099.0
292,SAB0002CBA,35599.0
292,SAB0009CBA,34199.0
292,SAB0006CBA,34199.0
292,CUB0007CBA,37099.0
292,SAB0016CBA,50299.0
292,SAB0011CBA,50299.0
292,SAB0007CBA,34199.0
292,SOM0002GAD,70599.0
292,PLT1300SOL,283099.0
292,CUB0008CBA,37099.0
292,CYB1020PEL,18399.0
292,PLT1250SOL,176799.0
292,MES4300GAR,22899.0
292,PLT0450SOL,449399.0
292,CUB0006CBA,37099.0
292,CUB0001CBA,29099.0
292,CUB0005CBA,37099.0
292,CYB1010PEL,12399.0
292,CUB0003CBA,29099.0
292,CUB0004CBA,29099.0
292,BIC1031SLP,414099.0
292,BIC1032SLP,414099.0
292,CYB1030PEL,24399.0
292,KIT2427SSG,2129599.0
292,FRE3590ATM,136699.0
292,FEE1271INE,747299.0
292,HEL0056PHI,1644699.0
292,AIR1136BGH,2003599.0
292,AIR1281MDA,879899.0
292,SOM0001GAD,70599.0
292,VEN0220AXE,104199.0
292,COC0031PHI,2044099.0
292,PAV1720SML,79999.0
292,PAV1520SML,64999.0
292,PAV4911ULT,114499.0
292,MIC0760MAO,143299.0
292,AUR0106JBL,129999.0
292,JOY3301SNY,189099.0
292,PAR3117PCM,231599.0
292,PAR3053PCM,28899.0
292,PAR1600NOB,410899.0
292,FRE0302MAV,55199.0
292,FRE0303MAV,87999.0
292,FRE0002PBD,238199.0
292,FRE7309YEL,171199.0
292,KIT1657SSG,740099.0
292,KIT1656SSG,740099.0
292,HEL0889SSG,2368199.0
292,FEE0180NEB,619099.0
292,HEL1240NEB,639299.0
292,HEL1300HEB,714799.0
292,BIC1022SLP,414099.0
292,BIC1023SLP,414099.0
292,BIC7334SLP,319899.0
292,BIC9112SLP,394599.0
292,BIC7236SLP,445099.0
292,BIC7233SLP,445099.0
292,BIC7232SLP,445099.0
292,BIC9125SLP,394599.0
292,TRA0002GAD,53699.0
292,SET0189DAE,79599.0
292,TAL0200ADV,218399.0
292,TAL2020ADV,393799.0
292,TAL2021ADV,513399.0
292,TAL0201ADV,336699.0
292,PLA0110GAM,67699.0
292,PLA1435GAM,86699.0
292,SEC1112GAM,95199.0
292,SEC5740GAM,70599.0
292,BIC9123SLP,394599.0
292,BIC9122SLP,394599.0
292,ASP2144MDA,149699.0
292,SRP0090DRE,902699.0
292,EXH1117INE,2183699.0
292,HEL1202BAM,604699.0
292,HEL1157PHI,2050499.0
292,FAH0230PLO,289499.0
292,FEE0402NEB,828999.0
292,EXH0450INE,1167199.0
292,VEN2050LIL,131999.0
292,TEL0040RCA,400999.0
292,SWA0025GRH,87599.0
292,SWA0024GRH,87599.0
292,SWA0023GRH,87599.0
292,SWA2900GRH,72999.0
292,KIT2430MOT,714099.0
292,NOT1002HEW,2093299.0
292,NOT0001HEW,4018099.0
292,SWA0022GRH,87599.0
292,TEC1202LOG,25999.0
292,MOU0281LOG,26999.0
292,MOU0191LOG,22999.0
292,PAR5175STC,24299.0
292,PAR7807PHI,323199.0
292,PAR2225STC,79900.0
292,PAR0225STC,59799.0
292,TOS1521SML,64999.0
292,TOS1520SML,119999.0
292,TOS0924LIL,60299.0
292,TOS2195MDA,44399.0
292,FRE1502KJH,141799.0
292,FRE9453ATM,87899.0
292,MQS2203PHI,284599.0
292,FRE9001SML,79999.0
292,FRE1402KJH,110599.0
292,CAF5418SML,299999.0
292,FRE7145DAE,107399.0
292,VAS0795STA,141099.0
292,TER0296STA,146399.0
292,VAS0247STA,134699.0
292,VAS0783STA,158799.0
292,AFE5898PHI,183499.0
292,BIC9114SLP,394599.0
292,BIC9113SLP,394599.0
292,KIT0664SSG,320299.0
292,KIT5016TCL,132299.0
292,KIT1664SSG,320299.0
292,KIT5050TCL,399999.0
292,KIT5051TCL,399999.0
292,KIT1665SSG,320299.0
292,KIT0629SSG,375599.0
292,KIT0628SSG,375599.0
292,KIT1628SSG,375599.0
292,KIT0017KON,272499.0
292,CLI1928PLO,136199.0
292,COC5839FLO,743499.0
292,AIR3100RCA,891299.0
292,AIR2226BGH,832499.0
292,VEN0803IDP,117999.0
292,VEN0802IDP,117999.0
292,MES5301GAR,226599.0
292,JAR0011GAR,9499.0
292,JAR0010GAR,9499.0
292,MES4130GAR,56199.0
292,PLT0471BES,106799.0
292,PLT1010PEL,78999.0
292,PLT1020PEL,97299.0
292,CED2262SEV,557799.0
292,LVJ3122MDA,699999.0
292,PLA8521DAE,146399.0
292,LVJ3121MDA,740099.0
292,SAB0102FPH,52699.0
292,AIR0981MDA,890499.0
292,LIC2128PHI,127499.0
292,TOS0011BLA,73399.0
292,LIC9316DAE,97599.0
292,LIC2127PHI,107099.0
292,RCL0080ATM,78099.0
292,TOS8222DAE,64399.0
292,HOR0160DAE,169799.0
292,FRE0400OST,239999.0
292,FAH7323DAE,256499.0
292,LIC9216DAE,61499.0
292,CAF0045NES,780099.0
292,COF7819DAE,126899.0
292,PRO0002EPS,1170999.0
292,NOT0016HEW,3897799.0
292,PRO0186EPS,1084599.0
292,PAR5030JBL,519999.0
292,AUR2503MOT,67099.0
292,AUR4000SSG,276299.0
292,COC5819FLO,650999.0
292,LAV4741CAN,1052699.0
292,LSR9016SSG,1981899.0
292,LSR0808ETX,1506399.0
292,LSR9014SSG,2183499.0
292,LSR9017SSG,2071499.0
292,VEN0011CRI,110899.0
292,VEN2023PLO,115599.0
292,HEL2370SSG,4926899.0
292,HEL2371SSG,6046599.0
292,HEL1887CNQ,784499.0
292,KIT0013XIA,477399.0
292,KIT1031ALC,128799.0
292,ROT1500ADV,220399.0
292,SIE4000ADV,89799.0
292,TOR1350ADV,98699.0
292,AMO0020ADV,358399.0
292,LIJ0300ADV,110199.0
292,SIE7100ADV,143999.0
292,TEL8686LGL,6751499.0
292,PRO0733BLA,70199.0
292,SWA0068GRH,16699.0
292,SWA0027GRH,44399.0
292,SWA2902GRH,72999.0
292,SWA0067GRH,16699.0
292,MOU0172LOG,18199.0
292,SWA0028GRH,44399.0
292,MOU0415KLX,19099.0
292,MOU0251KLX,23799.0
292,PAV0210LIL,78699.0
292,MOU0335KLX,23299.0
292,CAM0001EVZ,51500.0
292,TAB0010TCL,304699.0
292,MCA0501SNY,1122999.0
292,TAB0011TCL,356599.0
292,MCA0701SNY,1708899.0
292,TER0500STA,109999.0
292,VAS0591STA,107599.0
292,SOP1001EUH,11999.0
292,SOP4100EUH,22099.0
292,PAR0005LGL,932899.0
292,KIT1529SSG,409599.0
292,KIT2424MOT,390599.0
292,ASP9010DAE,112799.0
292,MAT0014STA,71099.0
292,KIT0425MOT,285599.0
292,MAT0012STA,71099.0
292,MAT0011STA,71099.0
292,MAT0010STA,71099.0
292,BIC2905EUR,504199.0
292,BIC2901EUR,460999.0
292,SWA2901GRH,72999.0
292,MAT0013STA,71099.0
292,SWA0026GRH,44399.0
292,ACC2510SSG,87299.0
292,ACC1510SSG,52599.0
292,FUN0013MOT,9999.0
292,FUN0040MOT,9999.0
292,FUN0023MOT,9999.0
292,FUN0022MOT,9999.0
292,AUR0102JBL,129999.0
292,MCA3706PHI,946799.0
292,CAL1401ESC,591199.0
292,BAL0609GAM,31999.0
292,NEB1761ASP,68599.0
292,PLA5426DAE,45899.0
292,PLA5446DAE,48799.0
292,PLA2316DAE,32199.0
292,TOS8221DAE,64399.0
292,MUL3619DAE,79099.0
292,YOG6716DAE,48799.0
292,PIC5121DAE,90799.0
292,HOR9122DAE,175699.0
292,PLA2386SML,44999.0
292,ACC1980FOX,14299.0
292,IMP1250EPS,487999.0
292,TAB7764PLO,152899.0
292,BIC2932NRD,386299.0
292,BIC2926NRD,386299.0
292,ANA0010TBL,149799.0
292,ANA0041TBL,694299.0
292,ANA0062PHI,1428799.0
292,ANA0040TBL,476499.0
292,ANA0020TBL,319899.0
292,CAM9000PHI,1293199.0
292,PAR6005JBL,273299.0
292,CAL2000IDP,91399.0
292,TER0020SNL,299999.0
292,CAL2001IDP,78499.0
292,AFE1151PHI,83599.0
292,SEC1800ALE,38499.0
292,AFE3144PHI,113499.0
292,COR8050ALE,32199.0
292,AFE5920PHI,90699.0
292,TOS5000TFK,63999.0
292,CAF1200ZEN,38599.0
292,FRE0060TBL,172999.0
292,PAV0900TFK,69999.0
292,FRE0080TBL,239499.0
292,CAF0010TBL,272299.0
292,LIC2202TBL,316099.0
292,CAF0020TBL,353999.0
292,PAV4971OST,78749.0
292,CAL8250LIL,47799.0
292,CAL0050WHB,28699.0
292,CAL1500LIL,80399.0
292,CON2023PBD,158199.0
292,SRP0865COD,234299.0
292,LAV6580DRE,621599.0
292,SET0059DAE,55699.0
292,HOR0011TBL,2048799.0
292,HOR0010TBL,1024399.0
292,KIT4041TCL,249999.0
292,KIT6265NOB,223999.0
292,KIT5224MOT,604199.0
292,KIT5223MOT,604199.0
292,KIT3028NOB,296899.0
292,KIT5264NOB,195999.0
292,FUT0001INM,684299.0
292,EST0051ESK,317899.0
292,SIL0125INM,398799.0
292,JGO0011FPH,69699.0
292,FRA0015FPH,23599.0
292,ACC1982FOX,75199.0
292,MOU0190LOG,20999.0
292,ACC1983FOX,27999.0
292,MOU0101LOG,9999.0
292,IMP3560EPS,782699.0
292,KIT1329MOT,329599.0
292,KIT1328MOT,329599.0
292,CAL1802IDP,29399.0
292,CAL1803IDP,29399.0
292,CAL1800IDP,28199.0
292,CAL8195LIL,84899.0
292,CAL1801IDP,28199.0
292,JGO0008FPH,73799.0
292,JGO0012FPH,73799.0
292,JGO0009FPH,41599.0
292,JGO0005FPH,41599.0
292,JGO0002BEL,24899.0
292,SAB0001FPH,41599.0
292,SAB0003FPH,69699.0
292,JGO0015FPH,69699.0
292,SAB0004FPH,73799.0
292,JGO0016FPH,73799.0
292,CUB0013FPH,82899.0
292,JGO0003BEL,24899.0
292,CUB0015FPH,82899.0
292,CUB0012FPH,82899.0
292,CUB0005FPH,55699.0
292,CUB0002FPH,82899.0
292,CUB0014FPH,82899.0
292,CUB0006FPH,55699.0
292,JGO0004BEL,24899.0
292,CUB0007FPH,55699.0
292,CUB0004FPH,55699.0
292,CUB0017FPH,82899.0
292,CUB0008FPH,55699.0
292,CUB0016FPH,82899.0
292,CUB0009FPH,55699.0
292,CUB0001FPH,55699.0
292,CUB0003FPH,82899.0
292,ASP9015DAE,126799.0
292,SEC2740PHI,111299.0
292,MES1501INM,346399.0
292,SIL0130INM,300999.0
292,VEN2078IDP,85699.0
292,CAF0042NES,780099.0
292,VEN2410IDP,134999.0
292,PAV1717SML,46999.0
292,HID0140DAE,349899.0
292,PAV1703MDA,64099.0
292,HEL3260ESL,1094999.0
292,HID6510DAE,250299.0
292,EXH4600INE,1416299.0
292,CON0007TAU,895299.0
292,COC5540FLO,704999.0
292,HEL4590DRE,2230099.0
292,VEN3044AUV,541099.0
292,SOP3255AVO,35799.0
292,SOP3250AVO,41199.0
292,ANA6747FLO,407899.0
292,TUR0090ETX,124499.0
292,TUR0080ETX,113199.0
292,VEN2077IDP,92499.0
292,BIC2929NRD,386299.0
292,BIC2918NRD,367499.0
292,BIC2921NRD,367499.0
292,BIC2924NRD,386299.0
292,BIC2928NRD,386299.0
292,BIC2925NRD,386299.0
292,KIT2324MOT,329599.0
292,RAD1506PHI,41599.0
292,CON0001TAU,711499.0
292,TAP0001MSM,146999.0
292,TAP0002MSM,152899.0
292,TAP0004MSM,167699.0
292,TAP0006MSM,183999.0
292,TAP0008MSM,186299.0
292,TAP0003MSM,167699.0
292,TAP0011MSM,186299.0
292,SIL0155INM,285299.0
292,TAP0012MSM,215499.0
292,TAP0007MSM,183999.0
292,SIL0161INM,373299.0
292,TAP0005MSM,183999.0
292,TAP0009MSM,186299.0
292,TAP0013MSM,215499.0
292,SIL0160INM,373299.0
292,AUR4505PHI,45909.0
292,CHO4188TAU,1214299.0
292,TUR2222LIL,122299.0
292,LIC0312LIL,140199.0
292,CHO7040IDL,239699.0
292,CHO0112IDL,119899.0
292,COC5539FLO,580999.0
292,TUR1660IDP,43099.0
292,TUR2075IDP,60199.0
292,ALM7054NTV,37099.0
292,PLT1500PEL,127899.0
292,HAM9001KJH,45499.0
292,FEE5501INE,1435699.0
292,FEE1130INE,696199.0
292,LIC1100MDA,73999.0
292,LIC1011MDA,94399.0
292,COC5755PHI,1063799.0
292,COC2012ESC,479099.0
292,COR5610PHI,61499.0
292,SEC2201GAM,81099.0
292,JUE5363SNY,130399.0
292,CAF3025NES,341099.0
292,PLA2304DEL,542499.0
292,AUR2502MOT,67099.0
292,JOY5019SNY,183899.0
292,ACC5001SNY,81699.0
292,ANA6737FLO,224399.0
292,ALM6540NTV,35999.0
292,ALM7041NTV,12199.0
292,AUR0111JBL,17099.0
292,FEE0130INE,661199.0
292,EXH0355INE,1236399.0
292,VAP9250LIL,64799.0
292,TRI7272GAM,24999.0
292,TOS0021MDA,40999.0
292,TER0018STA,105199.0
292,PLA5905OST,83998.0
292,MAT0002STA,68099.0
292,MAT0003STA,68099.0
292,MAT0004STA,68099.0
292,CON2024PBD,143299.0
292,CON2234LUP,47799.0
292,CON2225LUP,45799.0
292,COR1040GAM,31199.0
292,EXH0980INE,3004899.0
292,COR3051GAM,38599.0
292,CAL0021PBD,167999.0
292,COC3656FLO,585699.0
292,COC5559FLO,865999.0
292,TEL7586SSG,4949599.0
292,CON1587CRI,109899.0
292,CON1202MDA,85799.0
292,CAL0016CRI,43599.0
292,CAL8959LIL,35599.0
292,ANA6738FLO,269799.0
292,ANA6888FLO,447769.0
292,VAL1802DEL,366999.0
292,COC3062ESC,468099.0
292,FEE3501INE,1033199.0
292,ACC2001MOT,29899.0
292,PLA2114GAM,54999.0
292,SEC3694GAM,74999.0
292,HOR7857FLO,536899.0
292,CON0002TAU,711499.0
292,AUR3218PHI,114199.0
292,RAC8624DEL,264199.0
292,RAC8625DEL,264199.0
292,CHO4164TAU,1080299.0
292,CHO4126TAU,532199.0
292,CHO4201TAU,1349399.0
292,CHO4140TAU,948399.0
292,BAT0103LIL,49199.0
292,JUE5386SNY,93499.0
292,JUE5362SNY,130399.0
292,BIC0529SIA,360299.0
292,VAP9300LIL,140699.0
292,CAL2021LIL,146399.0
292,CON8910LIL,104299.0
292,CAL0041ESC,422299.0
292,HEL0120PHI,779199.0
292,HEL9376PHI,648899.0
292,LIC0750TBL,821699.0
292,PUF0010PRA,43399.0
292,COR5632PHI,77899.0
292,DEP0700PHI,143099.0
292,CAF3022NES,341099.0
292,MES0107ORL,59199.0
292,MES0115ORL,108799.0
292,MOD0201ORL,539399.0
292,MUL0720ORL,204499.0
292,PLA3153ORL,535399.0
292,PLA3552ORL,665799.0
292,PLA3553ORL,645899.0
292,BOT0247ORL,159099.0
292,ESC1213ORL,121099.0
292,ESC1220ORL,115599.0
292,CMP0994LIL,304799.0
292,FRE1014GAF,1010110.0
292,ANA6746FLO,291999.0
292,HOR7887FLO,741199.0
292,HOR7868FLO,588899.0
292,RAC0103DEL,183499.0
292,RAC0104DEL,183499.0
292,RAC0105DEL,202999.0
292,RAC0106DEL,202999.0
292,VAL1010DEL,195599.0
292,VAL1803DEL,366999.0
292,RAC0102DEL,107999.0
292,HOM0004DEL,273699.0
292,HOM0008DEL,344599.0
292,MOD8603DEL,375699.0
292,MOD8604DEL,375699.0
292,COM1400DEL,476399.0
292,ESC1201DEL,236349.0
292,ESC1202DEL,276909.0
292,ESC1203DEL,276909.0
292,CAF2180ATM,25299.0
292,CAF8133ATM,40599.0
292,JGO0040AIM,577699.0
292,JGO0050AIM,600699.0
292,TUR2020AUV,277299.0
292,TUR2010LIL,103899.0
292,MOD8584DEL,438299.0
292,MOD8612DEL,373699.0
292,LIC5000TBL,297099.0
292,LIC5001TBL,297099.0
292,LAV4051COD,248309.0
292,INF1216KAB,9199.0
292,KIT0007MAV,197299.0
292,KIT0011MAV,78999.0
292,EST2222DEL,294499.0
292,FEE1351INE,812899.0
292,FEE0271INE,697299.0
292,DES0632DEL,169099.0
292,ENV3500TSA,1807799.0
292,COR1620PHI,21599.0
292,CMP9200PHI,908299.0
292,CAN0945SLP,5699.0
292,AIR3219PLO,843099.0
292,VAL1112DEL,305499.0
292,TUR1621LIL,45899.0
292,VEN8477LIL,140299.0
292,TUR1818LIL,57299.0
292,VEN2075IDP,101599.0
292,VEN2076IDP,90699.0
292,VEN3041AUV,294799.0
292,VEN3200LIL,230999.0
292,TLF1311PHI,74899.0
292,SOM0011KIN,184999.0
292,SOP3771AVO,108999.0
292,SOM0016KIN,247699.0
292,SOM0000IDL,165199.0
292,SOP3770AVO,60199.0
292,SEC5764GAM,68099.0
292,SEC0514PHI,108899.0
292,RAC5051DEL,355999.0
292,PMI0636DEL,121499.0
292,PLT0472BES,62199.0
292,PLT0473BES,82199.0
292,PLA3123ORL,728499.0
292,PLA3573ORL,470599.0
292,PLA2404GAM,92399.0
292,PLA2473SML,54999.0
292,PLA1011PHI,112999.0
292,PAR1506PHI,43699.0
292,MES0892DEL,124599.0
292,MES0894DEL,124599.0
292,LVJ2141MDA,1038299.0
292,LIC7900TBL,480399.0
292,LIC4656OST,184799.0
292,LIC5546OST,184799.0
292,LIC0350TBL,606799.0
292,LIC1088SML,69999.0
292,LIC2129PHI,127499.0
292,LAV6540SSG,1007299.0
292,LAV6576GAF,592099.0
292,HOR4086TBL,2338799.0
292,FRE1013GAF,845888.0
292,FEE0400NEB,898399.0
292,FEE3100NEB,730799.0
292,FEE3350INE,787899.0
292,FEE0180PLO,783199.0
292,FEE0250NEB,659299.0
292,ESC1211ORL,117499.0
292,ESC1212ORL,121099.0
292,ESC1230ORL,81599.0
292,ESC1251ORL,124699.0
292,DES0638DEL,162199.0
292,DES0639DEL,166799.0
292,DES0052SEV,221199.0
292,COM0258DEL,237499.0
292,COM0259DEL,237499.0
292,COC5642ESC,719599.0
292,COC2006ESC,416099.0
292,COC2010ESC,479099.0
292,COC2106ESC,416099.0
292,COC2107ESC,416099.0
292,CED0400SEV,233999.0
292,CHO0818IDL,143299.0
292,CED1350SEV,197499.0
292,CAL2022LIL,224799.0
292,CAM9541SNY,153299.0
292,CAF8501SML,199999.0
292,CED0360SEV,232899.0
292,CED0101SEV,204299.0
292,CAL1114ESC,422299.0
292,CAF3024NES,341099.0
292,CAF0030NES,235999.0
292,BOR0620SEV,76399.0
292,BOR1000SEV,86899.0
292,BIC1829SIA,378799.0
292,BIC2029SIA,360299.0
292,BIC2030SIA,378799.0
292,BIB8855DEL,202199.0
292,BIC1029SIA,378799.0
292,BIC1018SIA,378799.0
292,BIC0029SIA,360299.0
292,BIB1434ORL,98999.0
292,BIB1440ORL,132299.0
292,BIB1460ORL,100299.0
292,BIB1462ORL,100299.0
292,BIB1464ORL,95199.0
292,BIB1508ORL,116999.0
292,BAT1400MDA,57999.0
292,AUR1011PHI,49399.0
292,ANA7777SSG,1851999.0
292,PLT6403BES,186099.0
292,VEN0015CRI,99299.0
292,VEN0017CRI,98599.0
292,VEN0010CRI,95699.0
292,VEN7760LIL,112199.0
292,VEN2010MDA,102599.0
292,VEN2003LIL,143399.0
292,VEN1519AUV,243599.0
292,VEN1521AUV,241299.0
292,HEL3582GAF,856777.0
292,SEC0530PHI,136599.0
292,HEL1222CNQ,659099.0
292,HEL1207CNQ,644099.0
292,SEC3081PHI,77799.0
292,PLA3760PHI,81399.0
292,PAV4121BKF,56799.0
292,PLA3121ORL,728499.0
292,CED4600SEV,346599.0
292,PLA3574ORL,470599.0
292,PLA3563ORL,580399.0
292,PLA3583ORL,374399.0
292,PLA3582ORL,374399.0
292,TER2280RHM,734999.0
292,AUR0500SSG,28199.0
292,AUR0101SSG,48499.0
292,AUR0100SSG,48499.0
292,VEN8408LIL,120499.0
292,CHO7065IDL,292499.0
292,CHO9840IDL,199099.0
292,DEP6389PHI,38699.0
292,AFE6306PHI,33699.0
292,ALM7046NTV,17599.0
292,ALM7045NTV,15999.0
292,PAV0165LIL,45199.0
292,HEL1688CNQ,1052099.0
292,HEL1676CNQ,706499.0
292,TOS0900LIL,43199.0
292,HEL1888CNQ,792599.0
292,HEL1648CNQ,776899.0
292,TAB1002EXO,276699.0
292,JGO0120AIM,780899.0
292,BOT0241ORL,150999.0
292,CHO7044KIN,504899.0
292,CAL0510LIL,64099.0
292,CHO9789IDL,142799.0
292,CHO7040KIN,310099.0
292,PLA3151ORL,535399.0
292,PLA3152ORL,551899.0
292,REP2106PHI,21399.0
292,CED5033PET,469499.0
292,VEN1810MDA,93099.0
292,CAL0020PBD,167999.0
292,PLA3120ORL,728499.0
292,PLA3584ORL,363199.0
292,COM0076ORL,154299.0
292,COM0077ORL,159099.0
292,TAP0042ORL,179799.0
292,BIB1453ORL,120299.0
292,CED5001PET,323099.0
292,BIB1454ORL,114299.0
292,ALM7023NTV,34499.0
292,HEL1691CNQ,752799.0
292,JGO0060AIM,479699.0
292,JGO0090AIM,258699.0
292,JGO0110AIM,351899.0
292,JGO0130AIM,377099.0
292,MES0116ORL,108799.0
292,TLF1500PHI,39899.0
292,CAL0321CRI,58099.0
292,MOU0174LOG,16699.0
292,TOS0500OST,83998.0
292,PLA0515PHI,105899.0
292,KIT2350LOG,39999.0
292,LIC1151MDA,89999.0
292,IMP3210EPS,503999.0
292,COC5516FLO,456299.0
292,PLT8265ITX,922199.0
292,COR2828WAH,46299.0
292,COR9128WAH,43499.0
292,COR2028WAH,35199.0
292,ENV1200TSA,203499.0
292,ENV2200TSA,821699.0
292,ENV1400TSA,436199.0
292,SET2205TSA,149999.0
292,LIC0080TBL,663699.0
292,LIC7604TBL,379299.0
292,LIC7605TBL,379299.0
292,LIC7606TBL,379299.0
292,LIC7607TBL,379299.0
292,LIC7600TBL,379299.0
292,LIC7601TBL,379299.0
292,PIC1500TBL,252799.0
292,LIC2200TBL,998699.0
292,LIC0200TBL,581499.0
292,LIC0201TBL,581499.0
292,EXP3400SML,34999.0
292,BAT0370SML,219999.0
292,BAT1035SML,51999.0
292,BAT5035SML,82999.0
292,SAN5000SML,78999.0
292,TOS1302SML,42999.0
292,TOS1301SML,42999.0
292,SAN3383SML,44999.0
292,CAS0034SLP,24899.0
292,BAT5036SML,66999.0
292,CAS0033SLP,24899.0
292,MIC0302ROS,65999.0
292,CAF7461PHI,112999.0
292,SEC3501PHI,86899.0
292,MCA2706PHI,331099.0
292,PAR2506PHI,57799.0
292,DEP7200PHI,165999.0
292,PAR6094PHI,50799.0
292,AUR1010PHI,17399.0
292,CEP0880PHI,85799.0
292,AUR0100PHI,12799.0
292,PLA4183PHI,60199.0
292,BAT7200PHI,129899.0
292,COR3505PHI,35099.0
292,PLA8401PHI,39199.0
292,SEC0003PHI,41999.0
292,COR3206PHI,52999.0
292,MOT5450PET,359099.0
292,PAR1150PLO,77199.0
292,LIC2802OST,135133.0
292,LIC2803OST,135133.0
292,CAF0031NES,235999.0
292,COR0566GAM,38299.0
292,CAR6420EPS,28899.0
292,IMP3250EPS,575899.0
292,CAR6220EPS,28899.0
292,CAR6320EPS,28899.0
292,ASP9020DAE,164799.0
292,SOP3251AVO,56799.0
292,SOP2345AVO,23799.0
292,SOP2343AVO,38999.0
292,PLA0132ORL,690299.0
292,PLA3535ORL,224199.0
292,VEN1023AUV,474299.0
292,VEN1022AUV,456699.0
292,PLA3504ORL,363899.0
292,VEN1545AUV,375499.0
292,PLA3514ORL,329399.0
292,PLA3515ORL,329399.0
292,PLA3525ORL,270499.0
292,TAP0039ORL,174999.0
292,PLA3533ORL,224199.0
292,PLA3534ORL,224199.0
292,VEN0001SEV,112299.0
292,PLA3523ORL,270499.0
292,PLA3543ORL,152199.0
292,PLA3545ORL,152199.0
292,VEN3042AUV,474499.0
292,MUL0403ORL,154799.0
292,MUL0711ORL,135999.0
292,MUL0705ORL,152299.0
292,CON8231LIL,203699.0
292,TEN0014POL,51499.0
292,MUL0401ORL,161099.0
292,MUL0710ORL,135999.0
292,VEN1546AUV,404499.0
292,PAV4695PHI,60199.0
292,MES0112ORL,108799.0
292,TEN0006POL,37399.0
292,CON8118LIL,127299.0
292,CAL0819LIL,143499.0
292,VEN0452CRI,84299.0
292,VEN3317CRI,91999.0
292,VEN1819LIL,123799.0
292,VEN0131CRI,90099.0
292,VEN2222LIL,156799.0
292,VEN1621LIL,69299.0
292,VEN1009CRI,105199.0
292,VEN0421CRI,199599.0
292,VEN7678LIL,98999.0
292,VEN0009CRI,94799.0
292,TEL3230SSG,367999.0
292,TUR1890LIL,95499.0
292,TUR1820LIL,68799.0
292,TER9500SNL,435499.0
292,TER4000SNL,333299.0
292,TER5501SAI,499799.0
292,TER0085SHE,469199.0
292,TER6500SNL,388199.0
292,TER0090ESC,332199.0
292,TER0055ESC,305599.0
292,TER0008SAI,642399.0
292,TER8500SNL,426799.0
292,CAL0100LIL,146399.0
292,TER3000SNL,423599.0
292,SOM0004IDL,226099.0
292,SIL1078AIM,60399.0
292,SIL5000AIM,67799.0
292,PLA3505ORL,375199.0
292,PAV0175LIL,54099.0
292,MQC1605SIN,372299.0
292,LIC0101LIL,59299.0
292,CON0010TAU,1403599.0
292,CON0008TAU,895299.0
292,CHO4577TAU,1105299.0
292,CON0006TAU,721499.0
292,CUC0603ORL,506699.0
292,CHO4560TAU,965699.0
292,CON0011TAU,432099.0
292,CHO4232TAU,478699.0
292,CON0003TAU,362299.0
292,CED4000SEV,258899.0
292,CON0005TAU,295899.0
292,CHO4225TAU,404499.0
292,CHO4249TAU,617599.0
292,ESC1253ORL,124699.0
292,ESC1254ORL,118499.0
292,CHO4256TAU,290399.0
292,ESC1232ORL,81599.0
292,CAL3064CRI,29699.0
292,CHO7058KIN,642299.0
292,LAV0310ETX,1029999.0
292,LAV7760GAF,629299.0
292,HEL3878SSG,1410899.0
292,FEE3310CNQ,684499.0
292,FEE2610CNQ,625699.0
292,FEE4110CNQ,792299.0
292,CED5052PET,370799.0
292,CED5002PET,361499.0
292,CHO7056KIN,546299.0
292,CHO4171TAU,1214299.0
292,BIC9152SIA,109599.0
292,CAL1574CRI,90899.0
292,CAL0315CRI,48399.0
292,CAL0322CRI,71699.0
292,CHO7062IDL,185099.0
292,CAL0013CRI,33899.0
292,BOT0239ORL,150999.0
292,BOT0240ORL,150999.0
292,BIB1442ORL,132299.0
292,CAL2516VLN,210299.0
292,CAL8958LIL,45899.0
292,CAL6000LIL,66999.0
292,CAL0070LIL,35599.0
292,CHO9994IDL,247499.0
292,CHO9888IDL,395599.0
292,CHO5013IDL,390099.0
292,COC5518FLO,555799.0
292,COC5517FLO,463399.0
292,CAL4024ORB,246999.0
292,BOR1003PET,132999.0
292,BOR0035PET,93299.0
292,BIB1409ORL,155999.0
292,BIB1463ORL,100299.0
292,BIB1421ORL,148499.0
292,BIB1405ORL,164299.0
292,BIB1406ORL,164299.0
292,BME0614ORL,82799.0
292,BME0644ORL,79099.0
292,BAH0542ORL,458699.0
292,ALA0619ORL,60999.0
292,ALA3037PLA,121499.0
292,ALA0637ORL,137399.0
292,ALA0626ORL,149099.0
