ProviderId,reference,price
292,TER0500STA,98599.0
292,MES9999AIM,379999.0
292,MON0002STR,59399.0
292,SKT0001STR,32799.0
292,ROL0000STR,78299.0
292,TER0018STA,94399.0
292,MON0001STR,49999.0
292,MES4444AIM,231999.0
292,SKT0000STR,32799.0
292,ROL0002STR,78299.0
292,PIS0001BAS,62999.0
292,MES1110AIM,163599.0
292,PIS0002BAS,34699.0
292,ROL0010STR,78299.0
292,MES6666AIM,700299.0
292,MES1011AIM,191899.0
292,CHI3424ORL,172399.0
292,CHI3413ORL,218899.0
292,COC2311ENO,241699.0
292,HEL0889SSG,2123899.0
292,CYB1030PEL,21899.0
292,CUC9999AIM,324199.0
292,SIL0102AIM,76099.0
292,MUL0401ORL,144499.0
292,SWA0068GRH,14999.0
292,SET0059DAE,49999.0
292,MES5301GAR,203199.0
292,BIC0529SIA,323099.0
292,MUL0403ORL,138799.0
292,PLT6403BES,154599.0
292,PLT0473BES,68299.0
292,BIC2029SIA,323099.0
292,TOS1521SML,58199.0
292,RAC8625DEL,236899.0
292,TAB1100TCL,412999.0
292,TOS0011BLA,65799.0
292,BIC2925NRD,346499.0
292,PAR0302LGL,1304499.0
292,AFE5920PHI,84999.0
292,TOS1301SML,38499.0
292,BIC2918NRD,329599.0
292,KIT5051TCL,355199.0
292,BIC2030SIA,339699.0
292,PLA5446DAE,43799.0
292,TEL5510SSG,899999.0
292,TAB7764PLO,127599.0
292,BIC1029SIA,339699.0
292,BIC1031SLP,371399.0
292,KIT2626SSG,799999.0
292,KIT2627SSG,682999.0
292,FAH7323DAE,228299.0
292,LIC9216DAE,55199.0
292,BIC9123SLP,353899.0
292,AFE5898PHI,161999.0
292,KIT5627SSG,1199999.0
292,IMP1250EPS,437599.0
292,SEC1010GAM,85599.0
292,VEN0000PLO,67999.0
292,SET4161WOR,70899.0
292,DEP2270PHI,62699.0
292,MCA2208PHI,87499.0
292,CYB1010PEL,11199.0
292,COR0566GAM,33299.0
292,BAL0609GAM,28199.0
292,JAR0011GAR,8399.0
292,CYB1020PEL,16499.0
292,TEL5509TCL,721599.0
292,MUL3619DAE,70899.0
292,ALM0071KIN,78199.0
292,BIC3577NRD,209799.0
292,MES8888AIM,430199.0
292,MES0103AIM,94799.0
292,MES5555AIM,700299.0
292,SWA0067GRH,14999.0
292,CLI1928PLO,128099.0
292,LAV6580DRE,557399.0
292,CHI3414ORL,218899.0
292,BOR1000SEV,77899.0
292,CAS0320HTL,36499.0
292,KIT3911PHI,44399.0
292,BIC1745SLP,399199.0
292,SET0002HAM,26199.0
292,LAV4741CAN,944099.0
292,KIT2527MOT,699999.0
292,KIT0016XIA,799999.0
292,COC0125MDA,200199.0
292,PAV1750LIL,49299.0
292,BIC0518SIA,323099.0
292,KIT2530MOT,598899.0
292,BOT0240ORL,134999.0
292,HEL1887CNQ,709199.0
292,BIC1412SLP,399199.0
292,TEL8562SSG,3999999.0
292,BIC2901EUR,413399.0
292,PLT0472BES,55799.0
292,TRI0827GAM,33999.0
292,BIC0601VLP,369399.0
292,EXH4600INE,1270199.0
292,TEL6582PHI,1342099.0
292,COF7819DAE,110299.0
292,BIC8512SLP,399199.0
292,BOT0242ORL,134999.0
292,SAN5000SML,70699.0
292,FEE4500BRK,1130099.0
292,CHI3425ORL,172399.0
292,TAB1002EXO,246199.0
292,BIC0029SIA,323099.0
292,BIC9713SLP,399199.0
292,TAP0022MSM,204999.0
292,KIT0502MOT,261399.0
292,SWA0025GRH,78499.0
292,KIT1631SSG,469999.0
292,KIT0664SSG,282799.0
292,SWA0023GRH,78499.0
292,PAV1182AST,24099.0
292,SWA0024GRH,78499.0
292,KIT1656SSG,669999.0
292,KIT0013XIA,429999.0
292,TAP0017MSM,155199.0
292,KIT0019MOT,359999.0
292,BIC9113SLP,353899.0
292,KIT1529SSG,367299.0
292,BIC1032SLP,371399.0
292,LIC9316DAE,87499.0
292,PLA5426DAE,41099.0
292,TEL5584LGL,880599.0
292,KIT1031ALC,115599.0
292,PAR5030JBL,519999.0
292,PLA2316DAE,28899.0
292,FUN0040MOT,9999.0
292,RCL0080ATM,69999.0
292,PLT1010PEL,65599.0
292,AUR2503MOT,60199.0
292,PLT1020PEL,87299.0
292,HEL1202BAM,542299.0
292,BIC3888NRD,227899.0
292,LIC2127PHI,97099.0
292,TRI0011SEB,150399.0
292,SIE7100ADV,129199.0
292,SAB0102FPH,47299.0
292,PAR0005LGL,823599.0
292,FUN0022MOT,9999.0
292,FUN0023MOT,9999.0
292,AFE3007PHI,49499.0
292,AUR4000SSG,247799.0
292,VEN0002INA,141999.0
292,SWA2902GRH,65499.0
292,BIC8888NRD,227899.0
292,LIC3000LIL,71699.0
292,KIT2503MOT,759899.0
292,SWA0027GRH,39199.0
292,SOP4100EUH,19999.0
292,MOU0335KLX,21999.0
292,MOU0251KLX,22499.0
292,SWA0028GRH,39199.0
292,SWA0026GRH,39199.0
292,SWA2901GRH,65499.0
292,RED0000FUN,116299.0
292,BIC9114SLP,353899.0
292,MIC0760MAO,128499.0
292,KIT1664SSG,282799.0
292,KIT2426MOT,350299.0
292,KIT2430MOT,640399.0
292,KIT5050TCL,355199.0
292,TRI0001SEB,150399.0
292,KIT5126MOT,738899.0
292,BIC1727NRD,217299.0
292,NOT1002HEW,1877399.0
292,KIT0628SSG,339999.0
292,PAR0225STC,53699.0
292,PAR3117PCM,207699.0
292,MON0013STR,59399.0
292,SET0189DAE,71399.0
292,VEN0802IDP,105799.0
292,BIC7334SLP,291499.0
292,JOY3301SNY,170899.0
292,BIC2777NRD,209799.0
292,BIC9112SLP,353899.0
292,AIR6410TCL,1417599.0
292,TEL8075SSG,2299999.0
292,AIR2226BGH,760999.0
292,FRE1402KJH,99099.0
292,FRE0002PBD,210299.0
292,FRE7309YEL,153499.0
292,JAR0010GAR,8399.0
292,KIT0017KON,244399.0
292,TEL5040BGH,653399.0
292,BIC9777NRD,209799.0
292,VEN2023PLO,103699.0
292,TOS0924LIL,54999.0
292,BIC1736NRD,217299.0
292,AUR0106JBL,129999.0
292,VAS0591STA,96499.0
292,VAS0783STA,142399.0
292,VEN0803IDP,105799.0
292,VEN2050LIL,118399.0
292,EXP0912LIL,34299.0
292,TAL1112HAM,299999.0
292,SIE4000ADV,79999.0
292,JGO0015FPH,62499.0
292,LSR9017SSG,1857799.0
292,LSR9014SSG,1958199.0
292,HID6510DAE,224499.0
292,MES1501INM,315599.0
292,SIL0130INM,269999.0
292,CUB0003FPH,74399.0
292,CUB0013FPH,74399.0
292,CUB0015FPH,74399.0
292,TAP0007MSM,165099.0
292,CUB0005FPH,49899.0
292,JGO0016FPH,66199.0
292,CUB0008FPH,49899.0
292,CUB0012FPH,74399.0
292,SIL0103AIM,181899.0
292,MES2222AIM,420199.0
292,CAM0101AIM,209999.0
292,SOF0102AIM,499699.0
292,TAP0009MSM,167099.0
292,TAP0013MSM,193299.0
292,CUB0001FPH,49899.0
292,TUR2075IDP,53999.0
292,COC1250MDA,218399.0
292,BIC2924NRD,346499.0
292,HEL4041LGL,1575799.0
292,VAS0004STA,47699.0
292,BIC2929NRD,346499.0
292,JOY5019SNY,164899.0
292,JUE5363SNY,116899.0
292,ALM7054NTV,33299.0
292,PLT1500PEL,114699.0
292,JGO0107AIM,538699.0
292,TUR0090ETX,111699.0
292,VEN2077IDP,82999.0
292,AUR4505PHI,41199.0
292,LAV1165DRE,1083899.0
292,SIL0155INM,257999.0
292,SIL0160INM,337999.0
292,TAP0001MSM,131799.0
292,TAP0011MSM,167099.0
292,JGO0003BEL,22299.0
292,PLA8521DAE,131299.0
292,CAL0050WHB,25699.0
292,TEL6584SSG,1509899.0
292,CAL2000IDP,81999.0
292,CAL2001IDP,70399.0
292,TAB7464PLO,149999.0
292,TAB0352LEN,688399.0
292,VEN0001PLO,107199.0
292,PAV0900TFK,61799.0
292,FRE0080TBL,214799.0
292,CAF1200ZEN,34599.0
292,FRE0060TBL,155199.0
292,MCA3206PHI,241199.0
292,AUT0000SEB,574699.0
292,DRO0010FLY,79599.0
292,VEN0001INA,132099.0
292,TOS8221DAE,57799.0
292,CAL1401ESC,530199.0
292,SEC1800ALE,34499.0
292,AUR0102JBL,129999.0
292,MOU0190LOG,18999.0
292,CUB0009FPH,49899.0
292,CUB0017FPH,74399.0
292,SAB0004FPH,66199.0
292,FUT0001INM,619999.0
292,TEL6530RCA,1009499.0
292,JGO0011FPH,62499.0
292,JGO0009FPH,37299.0
292,KIT1328MOT,295599.0
292,FRA0015FPH,21099.0
292,CAL1802IDP,26399.0
292,CAL1803IDP,26399.0
292,AFE1151PHI,73799.0
292,KIT5224MOT,541899.0
292,PAV4911ULT,102699.0
292,FRE7145DAE,96299.0
292,CAS0032HTL,36499.0
292,CON0002WHB,77199.0
292,SOP0001GRH,47199.0
292,REM0000HAM,80099.0
292,AIO1027HEW,1188199.0
292,TEL7582LGL,2299999.0
292,HOR2800ECK,119799.0
292,PIN0003HAM,25299.0
292,TEL5035NOB,566599.0
292,TOS1520SML,107399.0
292,SIE0013HAM,181999.0
292,SIE1111HAM,98799.0
292,SIE0022HAM,281099.0
292,SOP0119HAM,93599.0
292,TAL0005HAM,172099.0
292,TAL0112HAM,86999.0
292,PAR0301LGL,422299.0
292,IMP0520HEW,443599.0
292,LSR1416CAN,1416099.0
292,REP0001GRH,79899.0
292,CAL1524ATM,65199.0
292,SRP0090DRE,809499.0
292,CAL0011WHB,76599.0
292,VEN0000CRI,107099.0
292,AIR3610SUR,819199.0
292,CAL0111SEV,48199.0
292,CAL0001WHB,30899.0
292,CAL0100WHB,24899.0
292,CAL1111SEV,54499.0
292,HEL4420CAN,1510499.0
292,EST0011SEV,45099.0
292,CON1524ATM,244499.0
292,VAS0381STA,120799.0
292,AIR0026ELE,670399.0
292,AIR2901SUR,716699.0
292,KIT2436MOT,437899.0
292,LAV4740CAN,896899.0
292,SWA0030GRH,39199.0
292,no ussar,113917.57
292,NOT0284HEW,1867399.0
292,ALA4007ORL,110399.0
292,CON0001SEV,135299.0
292,SOP1250WTV,13899.0
292,SOP1150WTV,9899.0
292,PAV7000ETX,112499.0
292,TEL5591SSG,3699999.0
292,TEL8536TCL,3299999.0
292,TAP0028MSM,204999.0
292,ALA4009ORL,110399.0
292,JUE2506SNY,69899.0
292,BME4002ORL,187499.0
292,BME4028ORL,143899.0
292,TAP0023MSM,204999.0
292,BME4016ORL,164999.0
292,TEN0001LUX,38899.0
292,CAR0001LUX,109999.0
292,BAN0000LUX,19999.0
292,TEN0002LUX,56699.0
292,CON0006SML,142899.0
292,TAP0015MSM,155199.0
292,EST0000SEV,52899.0
292,FRE0110SML,292099.0
292,FRE0050SML,75999.0
292,SET0000DAE,41599.0
292,SET0003HAM,50499.0
292,SET0012HAM,84499.0
292,TAL0110HAM,214999.0
292,COC2010ENO,168699.0
292,CAL0140SNL,436999.0
292,ANA5701ECK,22199.0
292,TAP0016MSM,155199.0
292,PLA9100LIL,45099.0
292,FRE0954LIL,246999.0
292,FRE6666MAV,93299.0
292,TAP0020MSM,204999.0
292,PAR0069LGL,710699.0
292,AUR1112SNY,123099.0
292,KIT1401XIA,399999.0
292,CON0000SML,78599.0
292,AIR5350MDA,1147499.0
292,FRE5120DAE,87499.0
292,LAV0824BGH,833099.0
292,BOM0055HAM,199999.0
292,SOP0003HAM,159099.0
292,COM0002HAM,429999.0
292,COM0003HAM,857099.0
292,PIS0005HAM,172499.0
292,VEN0018SEV,119599.0
292,SET0090HAM,408599.0
292,SIE0001HAM,699999.0
292,AMO0001HAM,74599.0
292,COR8875ATM,34999.0
292,COM0112HAM,91199.0
292,ESC0440HAM,362599.0
292,LLA0113HAM,470899.0
292,MCA0043LGL,299999.0
292,PAR0065LGL,190599.0
292,TOR0001HAM,88299.0
292,LUS0001HAM,239699.0
292,PLA2184REV,43499.0
292,VEN0021SEV,103099.0
292,MOC0028HAM,182699.0
292,VEN0003SEV,108799.0
292,ANA6629FLO,229999.0
292,BME4054ORL,65199.0
292,TAL2021ADV,460399.0
292,TAL2020ADV,353199.0
292,HEL5541PHI,2622099.0
292,AIR3200FED,662699.0
292,AIR2650TCL,710399.0
292,FRE3590ATM,122599.0
292,EXT4217DAE,118199.0
292,SEC2090GAM,396799.0
292,SAB0002CBA,32499.0
292,SAB0007CBA,30599.0
292,VEN0020SEV,84299.0
292,VEN0017SEV,170699.0
292,SAB0011CBA,45099.0
292,SAB0014CBA,45099.0
292,CUB0006CBA,33499.0
292,MED0040HAM,67399.0
292,NIV0100HAM,107499.0
292,SOP6010AVO,59199.0
292,PLA6969GAM,69699.0
292,TEL6583LGL,1357699.0
292,TEL5537PHI,739999.0
292,ACO0005FPH,41199.0
292,ACO0009FPH,27899.0
292,TEL4310PHI,449999.0
292,LIC1010SML,69399.0
292,MCA0130SNY,899399.0
292,SAB0014FPH,70499.0
292,DEP0010GAM,83899.0
292,CAL2024ATM,101699.0
292,PAV9396PHI,94899.0
292,KIT0017MOT,305199.0
292,CON0000PBD,198199.0
292,PLA1000ETX,73499.0
292,PRO5000ETX,130599.0
292,KIT0015MOT,305199.0
292,SAN2330PHI,48599.0
292,BOT0157STA,103399.0
292,KIT6057ZTE,179899.0
292,NIV0200HAM,217799.0
292,BAS0300HAM,77799.0
292,CLI1011PLO,191299.0
292,LLA1113HAM,293599.0
292,AMO2400ADV,267199.0
292,LUS1400ADV,265999.0
292,PIS0020ADV,143099.0
292,PIS0200ADV,64599.0
292,PIS2000ADV,46999.0
292,KIT1666SSG,669999.0
292,SET9073WOR,82799.0
292,LAV8022PLO,544999.0
292,TOS9000ATM,100699.0
292,HAC4012WOR,25999.0
292,HER4061WOR,24199.0
292,PIN4005WOR,67199.0
292,SET0316WOR,86599.0
292,SET1009WOR,39199.0
292,CON2024PBD,129999.0
292,MAT0002STA,61099.0
292,ALM7023NTV,30999.0
292,KIT1766SSG,699999.0
292,PLA3545ORL,136499.0
292,PAV0175LIL,49299.0
292,IMP3210EPS,444899.0
292,CAS0034SLP,22299.0
292,AFE6306PHI,30299.0
292,SEC5740GAM,63299.0
292,VEN3042AUV,425499.0
292,PMI0636DEL,108999.0
292,HOR7857FLO,489199.0
292,BIB1406ORL,147299.0
292,BIB1409ORL,139899.0
292,BIB1421ORL,133199.0
292,BIB1434ORL,88699.0
292,BIB1440ORL,118699.0
292,FEE3350INE,706599.0
292,INF1216KAB,8299.0
292,MOD8612DEL,335199.0
292,DES0638DEL,145499.0
292,LAV7760GAF,559999.0
292,CHO4195TAU,1210199.0
292,MUL0711ORL,121899.0
292,MUL0720ORL,183399.0
292,CHO4119TAU,477299.0
292,CHO4140TAU,850599.0
292,CHO4157TAU,968899.0
292,CHO4171TAU,1089099.0
292,CHO4225TAU,362699.0
292,CHO9789IDL,139999.0
292,CHO4560TAU,866099.0
292,CON0006TAU,647099.0
292,CON0007TAU,802999.0
292,CON0009TAU,815999.0
292,CON0010TAU,1258699.0
292,CON0011TAU,387599.0
292,ASP9020DAE,147799.0
292,LAV6576GAF,529999.0
292,MCA0501SNY,1007099.0
292,MOT5450PET,321999.0
292,JGO0090AIM,231999.0
292,PLA3121ORL,653299.0
292,PLA3120ORL,653299.0
292,CAM0072ORL,190199.0
292,CON2023PBD,141799.0
292,JGO0110AIM,315599.0
292,JGO0130AIM,338199.0
292,JGO0060AIM,430199.0
292,MES0116ORL,97599.0
292,CON1202MDA,76999.0
292,CAL0021PBD,150699.0
292,TER0085SHE,420799.0
292,CAL2200LIL,170299.0
292,HEL2958SSG,1107599.0
292,PAV4121BKF,50999.0
292,HEL1691CNQ,675199.0
292,TOS0021MDA,36799.0
292,CHI3405ORL,270999.0
292,MCA2706PHI,292299.0
292,TOS0500OST,75199.0
292,PAV4695PHI,53099.0
292,VAL1010DEL,175399.0
292,VEN4530CRI,179999.0
292,BAH0542ORL,411399.0
292,ESC1220ORL,104999.0
292,FEE1351INE,729999.0
292,AUR0100SSG,43499.0
292,CHI3404ORL,270999.0
292,AUR0500SSG,25299.0
292,CAF2180ATM,22399.0
292,COR1620PHI,19099.0
292,MOU0174LOG,14999.0
292,PLA3151ORL,480099.0
292,BIB1454ORL,102499.0
292,PLA3584ORL,325699.0
292,MUL0705ORL,136599.0
292,COC2010ESC,416399.0
292,PLA0515PHI,93499.0
292,CAL0100LIL,130199.0
292,HEL3878SSG,1265299.0
292,VEN2003LIL,133199.0
292,VEN7760LIL,100599.0
292,LIC0110LIL,62999.0
292,SEC0003PHI,37699.0
292,VEN8477LIL,125799.0
292,TER0080ESC,312699.0
292,VEN1023AUV,425399.0
292,VEN0015CRI,89099.0
292,TUR2222LIL,108099.0
292,JGO0050AIM,538699.0
292,TER8500SNL,382799.0
292,COR2828WAH,41499.0
292,CAR6220EPS,25899.0
292,CAL0510LIL,57499.0
292,VEN1819LIL,110999.0
292,TOS1302SML,38499.0
292,CAL0321CRI,52099.0
292,CHO0112IDL,106999.0
292,ALM7046NTV,15999.0
292,AUR0111JBL,15099.0
292,BAT2603OST,86399.0
292,BIC9152SIA,99999.0
292,CAL1574CRI,81499.0
292,CED4000SEV,232199.0
292,CHO7040IDL,214899.0
292,SOP3771AVO,97699.0
292,CHO7040KIN,299999.0
292,CHO7058KIN,619999.0
292,COC2011ESC,416399.0
292,PLA2114GAM,54999.0
292,PLA8401PHI,34599.0
292,SOM0016KIN,225699.0
292,SOP2343AVO,34999.0
292,BAT5035SML,74999.0
292,CAL3064CRI,26599.0
292,ALA3037PLA,108899.0
292,CED0360SEV,208899.0
292,TER5501SAI,448199.0
292,COC2106ESC,373199.0
292,ASP9015DAE,113699.0
292,BIB1462ORL,89899.0
292,BIB1463ORL,89899.0
292,BME0644ORL,70999.0
292,CED5052PET,334999.0
292,CMP0994LIL,279999.0
292,CED5002PET,329999.0
292,ENV2200TSA,736999.0
292,ESC1213ORL,108599.0
292,ESC1230ORL,73199.0
292,ESC1254ORL,106199.0
292,HOR4086TBL,2097499.0
292,LIC7607TBL,340099.0
292,CAL0013CRI,30399.0
292,CMP0993LIL,232999.0
292,CAL2516VLN,188599.0
292,CAN0945SLP,5099.0
292,CEP0880PHI,75799.0
292,VAP9300LIL,126199.0
292,AUR1010PHI,15299.0
292,LIC2803OST,120899.0
292,PAR6094PHI,44799.0
292,COR9128WAH,37799.0
292,TUR1890LIL,85699.0
292,DEP7200PHI,146499.0
292,CAL4024ORB,221499.0
292,VEN1621LIL,62199.0
292,TER0120ESC,354699.0
292,SIL1078AIM,54199.0
292,JGO0040AIM,518099.0
292,TEL3230SSG,329999.0
292,SEC3694GAM,66399.0
292,CAF8133ATM,35799.0
292,COC3064ESC,406899.0
292,PLA3525ORL,242599.0
292,HOR7868FLO,528199.0
292,CED5001PET,289999.0
292,LIC1151MDA,80999.0
292,AUR3218PHI,102399.0
292,COC5641ESC,554199.0
292,KIT2350LOG,39999.0
292,PLA3573ORL,422099.0
292,BIB8855DEL,181399.0
292,BAT1400MDA,53999.0
292,COC3063ESC,406899.0
292,COC3065ESC,406899.0
292,SEC0530PHI,120599.0
292,AUR1011PHI,44299.0
292,SEC3081PHI,68699.0
292,SEC0514PHI,96099.0
292,CAF1220PHI,1138299.0
292,VAL1112DEL,273999.0
292,ESC0984DEL,215899.0
292,RAC0103DEL,164599.0
292,CAF3024NES,307099.0
292,ESC1201DEL,236299.0
292,SEC7028GAM,71599.0
292,MOD8584DEL,393099.0
292,COM0259DEL,212999.0
292,VEN2075IDP,89999.0
292,VEN1810MDA,83499.0
292,COR5610PHI,54299.0
292,LIC4656OST,165299.0
292,COC5640ESC,554199.0
292,DEP0700PHI,126399.0
292,COR1040GAM,27999.0
292,CAL0016CRI,39099.0
292,CAL8959LIL,31999.0
292,PLA5905OST,74999.0
292,TAP0006MSM,165099.0
292,LIC2626PHI,179699.0
292,CED0400SEV,209899.0
292,EXP3400SML,31299.0
292,LIC2802OST,121899.0
292,RAC0105DEL,182099.0
292,SIL5000AIM,60799.0
292,PAR1150PLO,72099.0
292,RAC0106DEL,182099.0
292,TUR1818LIL,51399.0
292,TAP0008MSM,167099.0
292,FEE0271INE,647499.0
292,FEE2610CNQ,561199.0
292,TUR2020AUV,248699.0
292,CED0101SEV,183199.0
292,LSR9016SSG,1777499.0
292,VEN0131CRI,80799.0
292,SEC7732REV,38599.0
292,LIC1088SML,64999.0
292,CAL0070LIL,31999.0
292,CON8910LIL,93499.0
292,COC2012ESC,429699.0
292,RAC0104DEL,164599.0
292,TAP0005MSM,165099.0
292,CAL0322CRI,64299.0
292,TAP0012MSM,193299.0
292,LIC5546OST,165299.0
292,CAL6000LIL,60099.0
292,AUR0100PHI,11299.0
292,BAT5036SML,59999.0
292,CAL1500LIL,72099.0
292,TAP0002MSM,137099.0
292,TAP0003MSM,150399.0
292,LIC2129PHI,112499.0
292,TAP0004MSM,150399.0
292,FEE0180PLO,702399.0
292,CON2234LUP,44599.0
292,PAV1717SML,46999.0
292,PAR2506PHI,51899.0
292,CAM9541SNY,137499.0
292,ALA0619ORL,54699.0
292,ALA0625ORL,146699.0
292,MAT0003STA,61099.0
292,ALA0636ORL,133699.0
292,TRI7272GAM,22099.0
292,BIB1442ORL,118699.0
292,BIB1460ORL,89899.0
292,CUB0014FPH,74399.0
292,JGO0004BEL,22299.0
292,ALA0626ORL,133699.0
292,CUB0004FPH,49899.0
292,BOR1003PET,119999.0
292,BME0614ORL,74299.0
292,FEE5501INE,1318999.0
292,VEN2076IDP,81299.0
292,CED1350SEV,177099.0
292,ALA0637ORL,123199.0
292,DEP6389PHI,34199.0
292,FEE4110CNQ,710499.0
292,VEN2078IDP,76899.0
292,ALM7045NTV,14499.0
292,BAT1035SML,46999.0
292,VEN2410IDP,120999.0
292,HID0140DAE,313799.0
292,BOR0620SEV,68599.0
292,CAL1080LIL,51499.0
292,CLI1010PLO,191299.0
292,BIC1829SIA,339699.0
292,COR3051GAM,34099.0
292,BIC1018SIA,339699.0
292,REP2106PHI,18899.0
292,PLA1435GAM,79999.0
292,CAF0042NES,702299.0
292,PLA2404GAM,81599.0
292,TER0008SAI,576099.0
292,PAV1703MDA,61999.0
292,CAL0819LIL,127699.0
292,CAL8958LIL,41199.0
292,SIL0161INM,337999.0
292,CAR6420EPS,25899.0
292,VEN0001SEV,100699.0
292,CAL0315CRI,43399.0
292,PLT0450SOL,433999.0
292,PLT1250SOL,158599.0
292,PLT1300SOL,257999.0
292,TLF1311PHI,67099.0
292,ALM6540NTV,32999.0
292,LIC0312LIL,125699.0
292,VEN0010CRI,85799.0
292,TER6500SNL,348199.0
292,DES0052SEV,198399.0
292,VEN0017CRI,88399.0
292,VEN0452CRI,75599.0
292,VEN1009CRI,94399.0
292,VEN1022AUV,409599.0
292,COC2007ESC,373199.0
292,LIC1011MDA,89999.0
292,TER9500SNL,390599.0
292,TER4000SNL,298899.0
292,VEN1519AUV,218499.0
292,SOP3255AVO,32099.0
292,SAN3383SML,40299.0
292,SOM0004IDL,205999.0
292,SOM0011KIN,168599.0
292,ALM7041NTV,10999.0
292,JUE5386SNY,83899.0
292,SOP3250AVO,36999.0
292,SOP3251AVO,50899.0
292,SOP3770AVO,53899.0
292,TER3000SNL,379899.0
292,BIC2921NRD,329599.0
292,JUE5362SNY,116899.0
292,TEN0006POL,33999.0
292,TEN0014POL,46999.0
292,TER0045ESC,276599.0
292,TER0055ESC,274999.0
292,TER0090ESC,297899.0
292,VEN1039AUV,425399.0
292,VEN1521AUV,216399.0
292,CAR6320EPS,25899.0
292,COR3206PHI,46799.0
292,HEL4590DRE,1999999.0
292,CON8118LIL,114199.0
292,BIC2928NRD,346499.0
292,VEN0011CRI,99499.0
292,CHO7056KIN,499999.0
292,CHO7044KIN,459999.0
292,FEE1130INE,624299.0
292,COC5516FLO,430599.0
292,LIC0101LIL,53199.0
292,PLA4183PHI,53199.0
292,COR2028WAH,31799.0
292,BAT7200PHI,114399.0
292,VEN0421CRI,178999.0
292,SEC2201GAM,72799.0
292,COR3505PHI,30999.0
292,SOM0000IDL,150599.0
292,KIT2324MOT,295599.0
292,CON8231LIL,182699.0
292,VEN1545AUV,336799.0
292,TUR1660IDP,38699.0
292,LIC1100MDA,66399.0
292,VEN3041AUV,264399.0
292,VEN3200LIL,207199.0
292,VEN3317CRI,82499.0
292,AIR3219PLO,789999.0
292,COC2006ESC,373199.0
292,VEN0009CRI,84999.0
292,VEN7678LIL,88799.0
292,TUR0080ETX,101499.0
292,VEN7685LIL,100599.0
292,AUR2502MOT,60199.0
292,VEN8408LIL,107999.0
292,VAL1803DEL,329099.0
292,CHO7065IDL,269999.0
292,RAD1506PHI,39399.0
292,CHO7062IDL,179999.0
292,VAL1802DEL,329099.0
292,ESC1203DEL,276899.0
292,MAT0010STA,63799.0
292,CAS0033SLP,22299.0
292,LIC2202TBL,283399.0
292,SEC2740PHI,98299.0
292,PLA2386SML,40299.0
292,PAV4971OST,69999.0
292,TAP0042ORL,161299.0
292,TOS5000TFK,57399.0
292,AUR0101SSG,43499.0
292,CED5033PET,424999.0
292,TER2280RHM,729999.0
292,TEL7008PHI,1523199.0
292,PLA3553ORL,579199.0
292,COM0076ORL,138399.0
292,KIT6265NOB,200899.0
292,PAR7807PHI,285399.0
292,FRE9453ATM,78799.0
292,PLA0110GAM,63999.0
292,SWA2900GRH,65499.0
292,TER4040SNL,450799.0
292,ANA6738FLO,249999.0
292,CED4600SEV,310799.0
292,VEN1546AUV,362799.0
292,EST2222DEL,264099.0
292,FEE0250NEB,591299.0
292,TER0020SNL,268999.0
292,COM0258DEL,212999.0
292,CAF5418SML,270499.0
292,SRP0865COD,217899.0
292,LVJ3121MDA,740099.0
292,AFE3144PHI,101799.0
292,VEN3044AUV,485299.0
292,CAL2021LIL,131299.0
292,TUR1621LIL,41099.0
292,FEE0130INE,592999.0
292,CAL8250LIL,42899.0
292,ESC1212ORL,108599.0
292,COC7675ETX,1562999.0
292,CAF7461PHI,98999.0
292,MQS2203PHI,251199.0
292,PAR1506PHI,39199.0
292,PLA3563ORL,520499.0
292,COL0991KAB,36199.0
292,CAF3022NES,307099.0
292,MIC0302ROS,64999.0
292,FEE1271INE,670199.0
292,PLA3760PHI,71799.0
292,AMO0020ADV,321399.0
292,HEL1648CNQ,696799.0
292,MAT0011STA,63799.0
292,HEL1676CNQ,633599.0
292,TUR1820LIL,60799.0
292,LIC2530PHI,55299.0
292,CED2262SEV,500199.0
292,CAL0020PBD,150699.0
292,AIR0981MDA,826899.0
292,LIC2128PHI,90099.0
292,TOS0900LIL,38799.0
292,MAT0012STA,63799.0
292,NOT0016HEW,3495599.0
292,CAL2022LIL,201599.0
292,HEL1222CNQ,591099.0
292,PRO0733BLA,64999.0
292,NEB1761ASP,61599.0
292,MES4130GAR,50399.0
292,CON1587CRI,98499.0
292,FUN0013MOT,9999.0
292,HEL1207CNQ,577599.0
292,YOG6716DAE,43799.0
292,HOR9122DAE,157599.0
292,PIC5121DAE,81399.0
292,SOP1001EUH,10699.0
292,HOR0160DAE,152299.0
292,KIT0425MOT,256199.0
292,JGO0120AIM,700299.0
292,MCA0701SNY,1532599.0
292,CAM0001EVZ,51499.0
292,MOU0415KLX,17999.0
292,ASP9010DAE,101199.0
292,ESC1232ORL,73199.0
292,BIB1464ORL,85399.0
292,BOR0035PET,84999.0
292,CHO4126TAU,477299.0
292,PLA3533ORL,199999.0
292,PLA3535ORL,199999.0
292,PLA3543ORL,136499.0
292,RAD3200LIL,477099.0
292,SEC3501PHI,76699.0
292,TAP0037ORL,193099.0
292,SAB0003FPH,62499.0
292,CHO4133TAU,850599.0
292,PLA3515ORL,295499.0
292,LAV6540SSG,903399.0
292,COC5642ESC,625499.0
292,CHO4164TAU,968899.0
292,MOU0101LOG,9999.0
292,CHO4188TAU,1089099.0
292,CHO4201TAU,1210199.0
292,CHO4232TAU,429299.0
292,SIL0125INM,359999.0
292,PLA3523ORL,242599.0
292,PLA3505ORL,336499.0
292,CON0002TAU,638099.0
292,BIC2905EUR,452199.0
292,CUC0603ORL,454399.0
292,ENV3500TSA,1621299.0
292,CUB0006FPH,49899.0
292,CUB0016FPH,74399.0
292,ESC1251ORL,111799.0
292,ESC1253ORL,111799.0
292,CUB0007FPH,49899.0
292,CAF3025NES,307099.0
292,COC2107ESC,373199.0
292,PLA3504ORL,326399.0
292,COR5632PHI,68799.0
292,SAB0001FPH,37299.0
292,MOD0201ORL,483799.0
292,JGO0002BEL,22299.0
292,MUL0706ORL,136599.0
292,CUB0002FPH,74399.0
292,MUL0710ORL,121899.0
292,PLA0132ORL,619099.0
292,CHO4577TAU,991299.0
292,CON0005TAU,265399.0
292,COR8050ALE,30099.0
292,MCA3706PHI,849099.0
292,ESC0985DEL,215899.0
292,PAV8970OST,99999.0
292,PLA2473SML,49599.0
292,CAL1801IDP,25299.0
292,CAL8195LIL,76099.0
292,SOP2345AVO,21399.0
292,SEC5764GAM,61999.0
292,PUF0150KAB,40499.0
292,MQC1605SIN,333899.0
292,RAC5051DEL,319299.0
292,CHO0818IDL,127999.0
292,KIT5223MOT,541899.0
292,PUF0831KAB,50699.0
292,VAP9250LIL,58099.0
292,PUF0115KAB,21999.0
292,BIB1405ORL,147299.0
292,MES0892DEL,111799.0
292,PAV0165LIL,41199.0
292,EST0051ESK,289699.0
292,JGO0008FPH,66199.0
292,CON0008TAU,802999.0
292,VEN2010MDA,91999.0
292,PLT0471BES,87499.0
292,JGO0012FPH,66199.0
292,JGO0005FPH,37299.0
292,FEE0400NEB,805699.0
292,FEE3100NEB,655399.0
292,MES0107ORL,53099.0
292,CON0001TAU,638099.0
292,PAR6005JBL,239999.0
292,IMP3250EPS,516499.0
292,CAF8501SML,178899.0
292,CHO5013IDL,356999.0
292,CHO9840IDL,181399.0
292,CHO9888IDL,360499.0
292,CHO9994IDL,221999.0
292,KIT1329MOT,295599.0
292,ENV1400TSA,391199.0
292,TUR2010LIL,91899.0
292,MES0112ORL,97599.0
